ref,reason,address,city,state
"358055","AIRPORT","O'Hare Airport","Chicago","IL"
"310194","NO_COORDS","81 Oakland St","Manchester","CT"
"342633","NO_COORDS","162-25 Liberty Ave","Jamaica","NY"
"361797","NO_COORDS","934 Kings Hwy","Brooklyn","NY"
"358146","NO_COORDS","127 W State Highway 302","Kermit","TX"
"342605","NO_COORDS","5 East St","Tewksbury","MA"
"358184","AIRPORT","JFK Intl Airport","Jamaica","NY"
"346222","AIRPORT","Ft Myers Intl Airport","Fort Myers","FL"
"336890","NO_COORDS","30 Station Pl","Stamford","CT"
"352063","AIRPORT","Newark Int'L Airport","Newark","NJ"
"353408","NO_COORDS","3475 Route 370","Cato","NY"
"353469","NO_COORDS","4410 NW Cr 326","Ocala","FL"
"348945","NO_COORDS","296 White Horse Park","Atco","NJ"
"342876","NO_COORDS","374 South St","Newark","NJ"
"339270","NO_COORDS","1535 W Grand Ave","Chicago","IL"
"357063","NO_COORDS","15455 Terrazzo Dr","Monument","CO"
"358447","MALL","1151 Glendale Galleria","Glendale","CA"
"335784","NO_COORDS","1510 Brayton Ave","Fall River","MA"
"357132","NO_COORDS","Pittsburgh International Airport","Coraopolis","PA"
"341685","NO_COORDS","10 Andrews Parkway","Devens","MA"
"353636","MALL","33A W Side Mall","Edwardsville","PA"
"353690","AIRPORT","Harrisburg Int'L Airport","Middletown","PA"
"341639","NO_COORDS","3197 Horseblock Road","Medford","NY"
"345299","STADIUM_ARENA","100 Legends Way","Boston","MA"
"357242","NO_COORDS","3206 W Trinity Blvd","Grand Prairie","TX"
"347845","NO_COORDS","Bradley Int'L Airport","Windsor Locks","CT"
"351122","AIRPORT","Greenville-Spartanburg Airport","Greer","SC"
"351125","AIRPORT","Bush Intl Airport","Houston","TX"
"351165","NO_COORDS","70 Route 4","Englewood","NJ"
"351137","AIRPORT","JFK Intl Airport","Jamaica","NY"
"356013","CLOSED_AT_SOURCE","650 Memorial Dr","Chicopee","MA"
"357348","AIRPORT","Orlando Melbourne Airport","Melbourne","FL"
"347937","NO_COORDS","7073 Route 281","Preble","NY"
"308353","AIRPORT","Logan Airport","East Boston","MA"
"308352","AIRPORT","Logan Airport","East Boston","MA"
"352584","NO_COORDS","116 S Custer Rd","McKinney","TX"
"351243","AIRPORT","Midway Int'L Airport","Chicago","IL"
"353801","AIRPORT","Ronald Reagan Airport","Arlington","VA"
"353800","AIRPORT","Ronald Reagan Airport","Arlington","VA"
"353807","NO_COORDS","825 27th Ave SW","Vero Beach","FL"
"352523","NO_COORDS","Hartsfield Jackson Atl Airport","Atlanta","GA"
"353835","AIRPORT","Wichita Airport","Wichita","KS"
"353847","NO_COORDS","JFK Intl Airport","Jamaica","NY"
"356137","AIRPORT","Wilkes Barre Scranton Airport","Pittston","PA"
"334756","AIRPORT","Logan Airport","East Boston","MA"
"334763","NO_COORDS","30 Lackey Dam Rd","Uxbridge","MA"
"357424","MALL","2560 McCarthy Mall","Honolulu","HI"
"351353","AIRPORT","Denver Intl Airport","Denver","CO"
"351343","NO_COORDS","Miami Int'L Airport","Miami","FL"
"353944","NO_COORDS","104 West Central Entrance","Duluth","MN"
"353975","NO_COORDS","1754 S Hanley Rd","Richmond Heights","MO"
"340668","STADIUM_ARENA","One Legends Way","Boston","MA"
"302363","NO_COORDS","290 Route 130","Sandwich","MA"
"350092","AIRPORT","Dulles Intl Airport","Sterling","VA"
"351476","NO_COORDS","5762 Easton Rd","Plumsteadville","PA"
"340762","NO_COORDS","100 Rt 131","Ascutney","VT"
"344373","NO_COORDS","500 West Farms Mall","West Hartford","CT"
"344311","NO_COORDS","13029 S Lagrange Rd","Palos Park","IL"
"345665","NO_COORDS","1053 Farmington Ave","Bristol","CT"
"349289","STADIUM_ARENA","One Metlife Stadium Dr","E Rutherford","NJ"
"349291","NO_COORDS","JFK Intl Airport","Jamaica","NY"
"349292","AIRPORT","Dulles International Airport","Sterling","VA"
"352832","NO_COORDS","1633 S Higley Rd","Gilbert","AZ"
"337268","NO_COORDS","1237 N Eola Rd","Aurora","IL"
"349238","AIRPORT","Houston Hobby Airport","Houston","TX"
"344435","AIRPORT","Logan Airport","East Boston","MA"
"355122","MILITARY","Naval Exchange Building 2017","Coronado","CA"
"355128","MALL","80 Cherry Tree Shopping Ctr","Washington","IL"
"338698","NO_COORDS","2241 Southern Blvd","Bronx","NY"
"343291","NO_COORDS","475 E Route 173","Antioch","IL"
"351749","NO_COORDS","3575 N US Highway 31 S","Traverse City","MI"
"350449","MALL","150 Quaker Bridge Mall","Lawrenceville","NJ"
"342090","AIRPORT","Dulles Intl Airport","Sterling","VA"
"342011","NO_COORDS","2380 South Eola Rd","Aurora","IL"
"343320","NO_COORDS","318 Adams St","Manchester","CT"
"355376","MALL","1000 Premium Outlets Dr","Tannersville","PA"
"342056","AIRPORT","Dulles Intl Airport","Sterling","VA"
"332777","MALL","11 Skyway Shopping Ctr","Plattsburgh","NY"
"351908","NO_COORDS","48 Pennsylvania 93","West Hazleton","PA"
"337643","NO_COORDS","Shirley Memorial Hwy","Washington","DC"
"342111","NO_COORDS","409 N Fruitland Blvd","Fruitland","MD"
"347095","NO_COORDS","131-147 Rte 17 N","Rutherford","NJ"
"350756","NO_COORDS","1235 Route 33","Hamilton Square","NJ"
"342234","NO_COORDS","14-00 State Highway 208","Fair Lawn","NJ"
"342308","NO_COORDS","1776 Forest Ave","Staten Island","NY"
"336536","AIRPORT","O'Hare Airport","Chicago","IL"
"350819","NO_COORDS","160 McCorvey Dr","Tuscaloosa","AL"
"336651","NO_COORDS","477 West Golf Rd","Schaumburg","IL"
"355876","NO_COORDS","6 Stonecrest Dr","Turner","ME"
"346080","AIRPORT","Newark Int'L Airport","Newark","NJ"
"348747","AIRPORT","Bwi Airport","Glen Burnie","MD"
"348781","AIRPORT","Newark Int'L Airport","Newark","NJ"
"335467","NO_COORDS","1479 Lincoln Way E","Chambersburg","PA"
"310225","MALL","5 Goldens Bridge Shopping Ctr","Goldens Bridge","NY"
"342733","BAD_COORDS","880 Garrison Ave","Bronx","NY"
"346314","NO_COORDS","116 Oakleaf Village Pkwy","Jacksonville","FL"
"336904","NO_COORDS","495 Georges Rd","Monmouth Junction","NJ"
"342872","NO_COORDS","1425 W Street Rd","Warminster","PA"
"339284","NO_COORDS","700 Route 33","Millstone Township","NJ"
"341635","NO_COORDS","1118 Broad St","Newark","NJ"
"303438","MALL","102 Big Elk Mall","Elkton","MD"
"346777","NO_COORDS","2021 S Alma School Rd","Chandler","AZ"
"341967","NO_COORDS","805 Cranbury Rd","South Brunswick","NJ"
"345536","NO_COORDS","2350 Jerome Ave","Bronx","NY"
"356358","NO_COORDS","980 O'Connell Blvd","Fort Carson","CO"
"349240","AIRPORT","Bwi Airport","Glen Burnie","MD"
"340943","MALL","1 Midway Shopping Ctr","Rehoboth Beach","DE"
"344404","AIRPORT","Reagan National Airport","Arlington","VA"
"364989","NO_COORDS","Missouri 72","Fredericktown","MO"
"365414","MALL","2018 Southlake Mall","Merrillville","IN"
"363867","NO_COORDS","1505 US Highway 82 W","Tifton","GA"
"364245","AIRPORT","O'Hare Airport, Terminal 5 Arrivals","Chicago","IL"
"356357","NO_COORDS","811 Durham Road","Newtown","PA"
"364912","NO_COORDS","125 Park Avenue","New York","NY"
"364760","NO_COORDS","926 Canera Dr","Jonesboro","AR"
"362643","NO_COORDS","2091 Mount Zion Road","Jonesboro","GA"
"364659","MILITARY","7277 4th Street","Hill Air Force Base","UT"
"358736","NO_COORDS","7935 Indianapolis Boulevard","Hammond","IN"
"364014","NO_COORDS","7905 Metropolitan Avenue","Queens","NY"
"363521","NO_COORDS","1012 Ohio Turnpike","Clyde","OH"
"362517","NO_COORDS","6 Earhart Drive","Newark","NJ"
"359814","NO_COORDS","101 Atlantic City Int'L Airport Post Full","Egg Harbor City","NJ"
"363479","NO_COORDS","100 University Drive","Prairie View","TX"
"362898","NO_COORDS","2155 West University Dr","Frisco","TX"
"363526","MILITARY","1701 State Rd 85 North","Eglin Air Force Base","FL"
"359624","NO_COORDS","20145 Professional Boulevard","Hagerstown","MD"
"362916","AIRPORT","O'Hare Airport, Terminal 5 Departures","Chicago","IL"
"367133","NO_COORDS","1550 Skibo Rd","Fayetteville","NC"
"365838","NO_COORDS","13 Commercial Drive","North Conway","NH"
"366113","AIRPORT","JFK Airport Terminal 5","Queens","NY"
"366929","NO_COORDS","1075 Cosby Hwy","Newport","TN"
"365925","MALL","303 Mall Boulevard","Savannah","GA"
"366459","NO_COORDS","95-09 57th Avenue","Elmhurst","NY"
"355542","NO_COORDS","4 N Route 73","Cedar Brook","NJ"
"365919","AIRPORT","St George Ferry Terminal 1 Bay Street","Staten Island","NY"
"366079","MALL","901 Lehigh Valley Mall","Fullerton","PA"
"362810","NO_COORDS","I-87 Milepost 66 Southbound","Modena","NY"
"365501","NO_COORDS","3087 B Terminal Drive","Burlington","KY"
"365434","AIRPORT","Terminal 8","Queens","NY"
"362521","NO_COORDS","8224 US Route 60","Barboursville","WV"
"359310","MILITARY","1701 Florida 85","Eglin Air Force Base","FL"
"359332","MILITARY","1702 Florida 85","Eglin Air Force Base","FL"
"357554","NO_COORDS","725 17th St NW","Washington","DC"
"359484","MILITARY","551 West 4th St","Holloman Air Force Base","NM"
"358550","NO_COORDS","14750 Highway 95","Lake Havasu City","AZ"
"358512","NO_COORDS","Logal International Airport","Boston","MA"
"331941","NO_COORDS","Causeway Street","Boston","MA"
"358770","NO_COORDS","Mayport Naval Station","Jacksonville","FL"
"358740","MALL","132 Christiana Mall","Newark","DE"
"357905","NO_COORDS","Logan International Airport","Boston","MA"
"359035","NO_COORDS","700 W State Highway 302","Kermit","TX"
"359036","NO_COORDS","101 S Loop 464 Rd","Monahans","TX"
"353599","NO_COORDS","51 S Pearl St","Albany","NY"
"359109","AIRPORT","Midway Airport","Chicago","IL"
"358401","AIRPORT","Phoenix Sky Harbor Airport","Phoenix","AZ"
"356697","AIRPORT","Tucson Int'L Airport","Tucson","AZ"
"339260","STADIUM_ARENA","One Fleet Center","Boston","MA"
"346725","NO_COORDS","JFK Intl Airport","Jamaica","NY"
"345808","AIRPORT","Manchester Airport","Manchester","NH"
"336018","NO_COORDS","Mile 105 Mass Turnpike","Westborough","MA"
"349369","STADIUM_ARENA","One Metlife Stadium Dr","E Rutherford","NJ"
"349415","NO_COORDS","Rt 395 Southbound","Plainfield","CT"
"357836","AIRPORT","Laguardia Airport","Queens","NY"
"302723","NO_COORDS","2360 Cranberry Hwy","Wareham","MA"
"356521","AIRPORT","Logan Aiport","Boston","MA"
"357906","AIRPORT","Logan Airport","East Boston","MA"
"345949","NO_COORDS","135-04 Jamaica Ave","Richmond Hill","NY"
"349437","MALL","654 Millcreek Mall","Erie","PA"
"349431","NO_COORDS","720 Route 95 North","Madison","CT"
"349429","NO_COORDS","3 Wilbur Cross Parkway NB","Orange","CT"
"300254","NO_COORDS","103 Broad St","Nashua","NH"
"301582","NO_COORDS","3052 Cranberry Hwy","Buzzards Bay","MA"
"354098","AIRPORT","Wichita Airport","Wichita","KS"
"330003","MILITARY","Hanscom Air Force Base","Bedford","MA"
"354039","NO_COORDS","2435 State Road 207","Saint Augustine","FL"
"332744","AIRPORT","Tf Green Airport","Warwick","RI"
"350535","AIRPORT","Newark Int'L Airport","Newark","NJ"
"337626","NO_COORDS","6 Horse Corner Rd","Chichester","NH"
"351901","AIRPORT","Blue Grass Airport","Lexington","KY"
"335014","NO_COORDS","8775 Bay Pkwy","Brooklyn","NY"
"350652","AIRPORT","JFK Intl Airport","Jamaica","NY"
"306504","NO_COORDS","1205 Tolland Tpke","Manchester","CT"
"348380","AIRPORT","Albany International Airport","Albany","NY"
"350746","NO_COORDS","4705 Holmes Avenue NW","Huntsville","AL"
"342230","NO_COORDS","Logan Airport","East Boston","MA"
"342231","AIRPORT","Logan Airport","East Boston","MA"
"301760","NO_COORDS","809B Route 50","Burnt Hills","NY"
"356918","NO_COORDS","JFK Intl Airport","Jamaica","NY"
"356917","AIRPORT","JFK Intl Airport","Jamaica","NY"
"343654","NO_COORDS","4 Jersey Street","Boston","MA"
"348469","AIRPORT","Hartsfield Jackson Atl Airport","Atlanta","GA"
"348496","NO_COORDS","1563 Main Street","Chatham","MA"
"348515","NO_COORDS","Cleveland Hopkins Int'L Airport","Cleveland","OH"
"350841","NO_COORDS","12379 Edgemere Blvd","El Paso","TX"
"350843","NO_COORDS","Dallas Love Field Airport","Dallas","TX"
"350848","NO_COORDS","Maryland Turnpike I-95","Aberdeen","MD"
"350844","NO_COORDS","Dallas Love Field Airport","Dallas","TX"
"342383","NO_COORDS","577 Main St","Sanford","ME"
"341050","NO_COORDS","10801 Grand Central Pkwy","East Elmhurst","NY"
"355756","NO_COORDS","600 Adios Dr","Washington","PA"
"342433","NO_COORDS","418 Kingston Road","Richmond","RI"
"341135","AIRPORT","Logan Airport","East Boston","MA"
"354506","AIRPORT","Newark Int'L Airport","Newark","NJ"
"300702","NO_COORDS","24740 Telegraph Rd","Southfield","MI"
"354557","MALL","85 Yorktown Shopping Center","Lombard","IL"
"358017","NO_COORDS","4990 E McNeese St","Lake Charles","LA"
